"daly_method","irr_estimate"
"DALY 1",1.0202659099606
"DALY 2",0.958143877260937
"DALY 3",1.03018272526297
"DALY 4",1.01039670204737
