"daly_method","irr_estimate"
"DALY 1",0.519065838215064
"DALY 2",0.467403034691474
"DALY 3",0.532830209040294
"DALY 4",0.518942565242072
