"daly_method","irr_estimate"
"DALY 1",0.523248913783765
"DALY 2",0.475306594533822
"DALY 3",0.533454558383842
"DALY 4",0.514438906471939
