"daly_method","irr_estimate"
"DALY 1",1.01739766063763
"DALY 2",0.955864440672844
"DALY 3",1.02744961369852
"DALY 4",1.00740173907143
